"Дата","Цена","Откр.","Макс.","Мин.","Объём","Изм. %"
"15.12.2021","0,044365","0,044670","0,044775","0,044095","29,02B","0,85%"
"14.12.2021","0,043990","0,041970","0,044420","0,041960","146,33B","2,47%"
"13.12.2021","0,042930","0,046045","0,046235","0,042470","140,57B","-6,54%"
"10.12.2021","0,045935","0,047040","0,047100","0,045815","73,43B","-2,09%"
"09.12.2021","0,046915","0,047335","0,047935","0,046470","51,94B","-0,72%"
"08.12.2021","0,047255","0,048600","0,049180","0,046655","63,98B","-2,33%"
"07.12.2021","0,048380","0,048010","0,048675","0,047100","66,57B","0,77%"
"06.12.2021","0,048010","0,048780","0,049220","0,047435","44,45B","-1,23%"
"03.12.2021","0,048610","0,049260","0,049265","0,048180","41,03B","-0,65%"
"02.12.2021","0,048930","0,047600","0,049080","0,047600","63,08B","2,84%"
"01.12.2021","0,047580","0,047735","0,048595","0,047200","73,98B","0,82%"
"30.11.2021","0,047195","0,046570","0,048000","0,046440","86,00B","-0,38%"
"29.11.2021","0,047375","0,047600","0,048055","0,046525","86,41B","1,71%"
"26.11.2021","0,046580","0,047700","0,047990","0,046520","87,92B","-4,53%"
"25.11.2021","0,048790","0,049555","0,049695","0,048670","34,40B","-1,13%"
"24.11.2021","0,049350","0,050130","0,050365","0,048925","47,97B","-1,05%"
"23.11.2021","0,049875","0,048080","0,050000","0,047025","105,14B","3,04%"
"22.11.2021","0,048405","0,050150","0,050360","0,048030","122,28B","-4,14%"
"19.11.2021","0,050495","0,053000","0,053240","0,050125","127,52B","-3,91%"
"18.11.2021","0,052550","0,051535","0,053010","0,050530","88,39B","1,91%"
"17.11.2021","0,051565","0,050900","0,051960","0,050885","37,49B","1,03%"
"16.11.2021","0,051040","0,052130","0,052245","0,050810","51,96B","-1,64%"
"15.11.2021","0,051890","0,050305","0,052310","0,050170","87,73B","3,18%"
"12.11.2021","0,050290","0,051310","0,051540","0,049570","92,70B","-1,87%"
"11.11.2021","0,051250","0,050195","0,051485","0,050050","74,25B","2,45%"
"10.11.2021","0,050025","0,051380","0,051665","0,050000","73,40B","-2,90%"
"09.11.2021","0,051520","0,052300","0,052370","0,051000","63,06B","-1,62%"
"08.11.2021","0,052370","0,053100","0,053370","0,051865","47,16B","-0,84%"
"05.11.2021","0,052815","0,052495","0,052860","0,052140","31,85B","-0,13%"
"03.11.2021","0,052885","0,052450","0,052985","0,051800","47,91B","0,12%"
"02.11.2021","0,052820","0,053630","0,053720","0,052360","56,29B","-1,34%"
"01.11.2021","0,053540","0,052750","0,053550","0,052320","58,83B","1,54%"
"29.10.2021","0,052730","0,053460","0,053590","0,052000","93,37B","-1,93%"
"28.10.2021","0,053765","0,054945","0,055285","0,053080","76,53B","-2,35%"
"27.10.2021","0,055060","0,055270","0,056000","0,054925","55,37B","-1,63%"
"26.10.2021","0,055970","0,056470","0,056470","0,055555","56,85B","-0,36%"
"25.10.2021","0,056170","0,054795","0,056200","0,053945","64,23B","3,25%"
"22.10.2021","0,054400","0,055210","0,055900","0,054205","65,84B","-1,38%"
"21.10.2021","0,055160","0,056105","0,056500","0,054630","72,41B","-2,56%"
"20.10.2021","0,056610","0,057200","0,057500","0,056245","69,28B","-1,38%"
"19.10.2021","0,057400","0,056160","0,057495","0,055805","102,52B","2,93%"
"18.10.2021","0,055765","0,055590","0,055825","0,055060","28,72B","0,30%"
"15.10.2021","0,055600","0,055510","0,055745","0,054950","33,87B","0,42%"
"14.10.2021","0,055370","0,055375","0,056000","0,054560","68,30B","0,47%"
"13.10.2021","0,055110","0,055500","0,055650","0,054340","59,03B","-0,51%"
"12.10.2021","0,055390","0,055815","0,055950","0,055205","52,45B","-1,42%"
"11.10.2021","0,056190","0,054875","0,056540","0,054730","118,93B","2,92%"
"08.10.2021","0,054595","0,054350","0,054750","0,053830","52,70B","0,58%"
"07.10.2021","0,054280","0,054500","0,055100","0,053710","74,05B","0,22%"
"06.10.2021","0,054160","0,053980","0,054900","0,052710","127,27B","0,60%"
"05.10.2021","0,053835","0,051915","0,053995","0,051580","92,94B","4,17%"
"04.10.2021","0,051680","0,051440","0,052400","0,050940","64,57B","0,38%"
"01.10.2021","0,051485","0,051200","0,051500","0,050830","31,15B","-0,36%"
"30.09.2021","0,051670","0,051300","0,052220","0,051140","70,65B","1,39%"
"29.09.2021","0,050960","0,050700","0,051595","0,050465","35,80B","0,21%"
"28.09.2021","0,050855","0,052410","0,053110","0,050550","78,96B","-2,85%"
"27.09.2021","0,052345","0,051310","0,052350","0,051100","42,82B","2,79%"
"24.09.2021","0,050925","0,050670","0,051125","0,050380","25,08B","0,26%"
"23.09.2021","0,050795","0,051020","0,051305","0,050150","38,20B","-0,04%"
"22.09.2021","0,050815","0,050500","0,051150","0,049900","44,79B","1,50%"
"21.09.2021","0,050065","0,050300","0,050705","0,049455","42,53B","0,17%"
"20.09.2021","0,049980","0,051000","0,051050","0,049400","46,81B","-2,76%"
"17.09.2021","0,051400","0,051690","0,051900","0,051200","37,15B","-0,46%"
"16.09.2021","0,051635","0,052055","0,052390","0,051130","41,16B","-0,93%"
"15.09.2021","0,052120","0,051500","0,052485","0,051125","57,19B","1,21%"
"14.09.2021","0,051495","0,052585","0,052750","0,051275","45,21B","-2,01%"
"13.09.2021","0,052550","0,052260","0,052550","0,051900","30,56B","1,15%"
"10.09.2021","0,051950","0,052650","0,053225","0,051760","35,97B","-0,84%"
"09.09.2021","0,052390","0,053745","0,053745","0,052275","46,96B","-2,59%"
"08.09.2021","0,053785","0,053890","0,054400","0,052920","50,19B","0,27%"
"07.09.2021","0,053640","0,054370","0,054840","0,053050","54,76B","-0,83%"
"06.09.2021","0,054090","0,052625","0,054540","0,052500","67,94B","3,23%"
"03.09.2021","0,052400","0,052500","0,052900","0,051850","43,19B","-0,09%"
"02.09.2021","0,052445","0,053330","0,053500","0,052150","37,37B","-1,42%"
"01.09.2021","0,053200","0,052995","0,053215","0,052410","39,28B","0,97%"
"31.08.2021","0,052690","0,052350","0,052995","0,052175","72,04B","1,04%"
"30.08.2021","0,052150","0,050810","0,052250","0,050810","51,01B","2,65%"
"27.08.2021","0,050805","0,050270","0,050875","0,049700","32,76B","1,52%"
"26.08.2021","0,050045","0,050995","0,051085","0,049800","30,24B","-2,04%"
"25.08.2021","0,051085","0,051065","0,051290","0,050400","25,78B","0,04%"
"24.08.2021","0,051065","0,051385","0,051740","0,050570","34,83B","-0,46%"
"23.08.2021","0,051300","0,051300","0,051415","0,050935","22,21B","1,21%"
"20.08.2021","0,050685","0,050405","0,051100","0,049580","43,96B","0,41%"
"19.08.2021","0,050480","0,051015","0,051020","0,049825","66,39B","-1,39%"
"18.08.2021","0,051190","0,052640","0,052795","0,051135","36,49B","-2,28%"
"17.08.2021","0,052385","0,052300","0,053090","0,052120","51,88B","0,00%"
"16.08.2021","0,052385","0,051295","0,052420","0,051065","30,98B","1,83%"
"13.08.2021","0,051445","0,052070","0,052670","0,051295","34,63B","-1,21%"
"12.08.2021","0,052075","0,053150","0,053400","0,051810","59,33B","-1,97%"
"11.08.2021","0,053120","0,051900","0,053135","0,051575","67,71B","2,45%"
"10.08.2021","0,051850","0,051315","0,052125","0,051100","58,44B","1,66%"
"09.08.2021","0,051005","0,049800","0,051450","0,049400","60,26B","2,12%"
"06.08.2021","0,049945","0,049725","0,050325","0,049365","44,81B","0,53%"
"05.08.2021","0,049680","0,049195","0,049995","0,049000","40,72B","1,13%"
"04.08.2021","0,049125","0,049100","0,049180","0,048845","27,36B","0,27%"
"03.08.2021","0,048995","0,048825","0,049285","0,048100","33,81B","0,43%"
"02.08.2021","0,048785","0,048900","0,049400","0,048585","53,90B","0,67%"
"30.07.2021","0,048460","0,048360","0,048845","0,047670","78,41B","0,21%"
"29.07.2021","0,048360","0,048180","0,049000","0,047845","58,82B","0,75%"
"28.07.2021","0,048000","0,046340","0,048150","0,046230","61,95B","3,82%"
"27.07.2021","0,046235","0,046475","0,046695","0,046000","47,61B","-0,74%"
"26.07.2021","0,046580","0,046510","0,046785","0,046325","32,57B","-0,33%"
"23.07.2021","0,046735","0,046905","0,047045","0,046530","24,87B","-0,05%"
"22.07.2021","0,046760","0,047005","0,047410","0,046595","29,55B","-0,36%"
"21.07.2021","0,046930","0,046250","0,047000","0,046010","24,71B","1,47%"
"20.07.2021","0,046250","0,046110","0,046525","0,045800","36,80B","0,54%"
"19.07.2021","0,046000","0,047100","0,047215","0,045685","63,34B","-2,65%"
"16.07.2021","0,047250","0,047190","0,047750","0,047060","33,68B","0,13%"
"15.07.2021","0,047190","0,047300","0,047850","0,046880","38,18B","-0,25%"
"14.07.2021","0,047310","0,047060","0,047475","0,046920","39,41B","-1,90%"
"13.07.2021","0,048225","0,048995","0,049055","0,048120","36,67B","-1,36%"
"12.07.2021","0,048890","0,049175","0,049300","0,048555","31,08B","-0,21%"
"09.07.2021","0,048995","0,048800","0,049175","0,048420","34,23B","0,62%"
"08.07.2021","0,048695","0,049100","0,049165","0,048400","45,35B","-1,43%"
"07.07.2021","0,049400","0,049690","0,049930","0,049065","48,49B","-0,16%"
"06.07.2021","0,049480","0,050720","0,050875","0,049105","62,11B","-2,11%"
"05.07.2021","0,050545","0,048900","0,050775","0,048710","65,53B","3,64%"
"02.07.2021","0,048770","0,048900","0,049010","0,048550","21,94B","-0,30%"
"01.07.2021","0,048915","0,048565","0,049100","0,048490","40,35B","0,91%"
"30.06.2021","0,048475","0,048800","0,048980","0,047600","75,77B","-0,38%"
"29.06.2021","0,048660","0,049505","0,049600","0,048150","52,18B","-1,91%"
"28.06.2021","0,049610","0,048835","0,049725","0,046330","57,72B","2,00%"
"25.06.2021","0,048635","0,048650","0,048940","0,048305","21,85B","0,28%"
"24.06.2021","0,048500","0,048390","0,049215","0,048040","52,39B","0,57%"
"23.06.2021","0,048225","0,048335","0,048610","0,047935","28,80B","0,00%"
"22.06.2021","0,048225","0,048505","0,048630","0,047900","39,05B","-0,08%"
"21.06.2021","0,048265","0,047190","0,048500","0,046700","58,90B","1,94%"
"18.06.2021","0,047345","0,048440","0,048480","0,047200","73,77B","-2,30%"
"17.06.2021","0,048460","0,048185","0,048720","0,047780","60,69B","0,17%"
"16.06.2021","0,048380","0,049175","0,049620","0,047895","71,93B","-1,60%"
"15.06.2021","0,049165","0,050000","0,050295","0,048805","57,35B","-1,54%"
"14.06.2021","0,049935","0,050490","0,050745","0,049800","30,65B","-0,93%"
"11.06.2021","0,050405","0,050425","0,050960","0,049940","45,93B","0,29%"
"10.06.2021","0,050260","0,051200","0,051360","0,050030","51,29B","-1,77%"
"09.06.2021","0,051165","0,050065","0,051195","0,050025","77,69B","2,33%"
"08.06.2021","0,050000","0,048605","0,050100","0,048590","77,01B","2,47%"
"07.06.2021","0,048795","0,048400","0,049060","0,048305","32,93B","0,37%"
"04.06.2021","0,048615","0,049435","0,049445","0,047860","78,83B","-1,56%"
"03.06.2021","0,049385","0,050095","0,050295","0,048915","60,12B","-1,07%"
"02.06.2021","0,049920","0,049600","0,049945","0,048860","59,83B","0,75%"
"01.06.2021","0,049550","0,048900","0,050050","0,048750","100,72B","1,64%"
"31.05.2021","0,048750","0,048400","0,048970","0,048400","38,98B","0,73%"
"28.05.2021","0,048395","0,048890","0,049090","0,047830","54,17B","-0,62%"
"27.05.2021","0,048695","0,047420","0,049190","0,046820","189,41B","2,55%"
"26.05.2021","0,047485","0,045595","0,047770","0,045515","170,85B","4,68%"
"25.05.2021","0,045360","0,045450","0,045655","0,045150","43,75B","-0,12%"
"24.05.2021","0,045415","0,045810","0,046075","0,045145","52,74B","-0,42%"
"21.05.2021","0,045605","0,046440","0,046440","0,045160","84,41B","-1,54%"
"20.05.2021","0,046320","0,045490","0,046670","0,044770","144,57B","2,25%"
"19.05.2021","0,045300","0,045200","0,047420","0,044110","347,11B","-0,81%"
"18.05.2021","0,045670","0,048150","0,048580","0,045600","218,99B","-4,77%"
"17.05.2021","0,047960","0,050325","0,050335","0,047765","105,45B","-4,22%"
"14.05.2021","0,050075","0,051300","0,051550","0,049600","55,32B","-1,92%"
"13.05.2021","0,051055","0,048725","0,051260","0,048570","78,54B","5,04%"
"12.05.2021","0,048605","0,049850","0,050100","0,048405","85,05B","-1,97%"
"11.05.2021","0,049580","0,050700","0,051640","0,049500","87,19B","-2,58%"
"10.05.2021","0,050895","0,053000","0,053195","0,050220","64,94B","-3,47%"
"07.05.2021","0,052725","0,054495","0,054550","0,052420","56,93B","-2,87%"
"06.05.2021","0,054285","0,054200","0,054845","0,053565","37,97B","0,30%"
"05.05.2021","0,054125","0,054830","0,055655","0,053530","76,30B","-1,04%"
"04.05.2021","0,054695","0,051890","0,054900","0,051720","144,39B","6,00%"
"30.04.2021","0,051600","0,049825","0,051680","0,049555","73,64B","3,18%"
"29.04.2021","0,050010","0,050620","0,051240","0,049450","66,68B","-0,64%"
"28.04.2021","0,050330","0,051700","0,051720","0,050140","72,04B","-1,88%"
"27.04.2021","0,051295","0,051315","0,051770","0,050880","59,69B","-0,04%"
"26.04.2021","0,051315","0,051800","0,052160","0,050410","107,43B","-0,09%"
"23.04.2021","0,051360","0,048160","0,051500","0,048095","192,19B","7,00%"
"22.04.2021","0,048000","0,048000","0,048270","0,047220","57,18B","0,29%"
"21.04.2021","0,047860","0,046765","0,047950","0,046495","67,80B","2,21%"
"20.04.2021","0,046825","0,046675","0,048200","0,045925","136,89B","0,87%"
"19.04.2021","0,046420","0,047600","0,047800","0,046350","53,90B","-2,22%"
"16.04.2021","0,047475","0,046755","0,047540","0,046565","52,25B","2,42%"
"15.04.2021","0,046355","0,045900","0,046705","0,045645","39,62B","-0,87%"
"14.04.2021","0,046760","0,045720","0,047180","0,045625","83,23B","2,81%"
"13.04.2021","0,045480","0,044270","0,045500","0,044165","55,40B","3,32%"
"12.04.2021","0,044020","0,043615","0,044500","0,043350","27,51B","0,62%"
"09.04.2021","0,043750","0,044060","0,044145","0,043400","30,69B","-0,69%"
"08.04.2021","0,044055","0,044380","0,044980","0,043865","50,38B","-0,10%"
"07.04.2021","0,044100","0,042900","0,044400","0,042675","56,02B","2,80%"
"06.04.2021","0,042900","0,044485","0,044935","0,042830","96,21B","-3,32%"
"05.04.2021","0,044375","0,042860","0,044430","0,042725","71,71B","3,55%"
"02.04.2021","0,042855","0,042810","0,043175","0,042070","38,69B","0,65%"
"01.04.2021","0,042580","0,043000","0,043635","0,042300","93,83B","-0,32%"
"31.03.2021","0,042715","0,039915","0,042890","0,039850","183,38B","7,16%"
"30.03.2021","0,039860","0,038950","0,039935","0,038850","36,33B","2,77%"
"29.03.2021","0,038785","0,038330","0,038900","0,038135","25,07B","1,06%"
"26.03.2021","0,038380","0,038100","0,038460","0,038100","12,09B","0,87%"
"25.03.2021","0,038050","0,037920","0,038165","0,037670","13,87B","0,36%"
"24.03.2021","0,037915","0,037990","0,038195","0,037815","13,80B","0,30%"
"23.03.2021","0,037800","0,038090","0,038290","0,037625","22,98B","-0,94%"
"22.03.2021","0,038160","0,037880","0,038600","0,037720","29,56B","0,82%"
"19.03.2021","0,037850","0,037650","0,038030","0,037420","27,79B","0,64%"
"18.03.2021","0,037610","0,038330","0,038450","0,037445","26,27B","-1,58%"
"17.03.2021","0,038215","0,038710","0,038825","0,037845","26,22B","-1,42%"
"16.03.2021","0,038765","0,038490","0,038920","0,038300","19,21B","0,51%"
"15.03.2021","0,038570","0,038300","0,038800","0,038205","22,97B","1,03%"
"12.03.2021","0,038175","0,038280","0,038295","0,037975","12,85B","-0,24%"
"11.03.2021","0,038265","0,038470","0,038655","0,037815","24,74B","-0,12%"
"10.03.2021","0,038310","0,038300","0,039090","0,038085","26,42B","-0,40%"
"09.03.2021","0,038465","0,037640","0,038635","0,037595","40,89B","2,33%"
"05.03.2021","0,037590","0,037165","0,037600","0,036965","25,89B","1,66%"
"04.03.2021","0,036975","0,037480","0,037755","0,036850","31,21B","-1,26%"
"03.03.2021","0,037445","0,037770","0,038085","0,037300","25,69B","-0,43%"
"02.03.2021","0,037605","0,037295","0,037730","0,037125","19,74B","0,59%"
"01.03.2021","0,037385","0,037255","0,037460","0,037215","14,72B","0,84%"
"26.02.2021","0,037075","0,037280","0,037720","0,036960","33,57B","-0,91%"
"25.02.2021","0,037415","0,037550","0,038100","0,037325","36,46B","-0,17%"
"24.02.2021","0,037480","0,037200","0,037580","0,037110","16,62B","0,35%"
"22.02.2021","0,037350","0,037465","0,037625","0,036970","10,34B","0,11%"
"20.02.2021","0,037310","0,037290","0,037380","0,037150","3,10B","-0,19%"
"19.02.2021","0,037380","0,036805","0,037465","0,036715","20,67B","1,19%"
"18.02.2021","0,036940","0,037735","0,037735","0,036755","25,72B","-1,96%"
"17.02.2021","0,037680","0,037855","0,038300","0,037380","23,41B","-0,55%"
"16.02.2021","0,037890","0,038150","0,038225","0,037700","15,73B","-0,50%"
"15.02.2021","0,038080","0,037840","0,038145","0,037750","21,42B","1,05%"
"12.02.2021","0,037685","0,037315","0,037690","0,036945","20,14B","0,57%"
"11.02.2021","0,037470","0,037400","0,037730","0,037235","12,24B","0,27%"
"10.02.2021","0,037370","0,037850","0,038070","0,037280","16,87B","-1,15%"
"09.02.2021","0,037805","0,038400","0,038425","0,037590","25,18B","-1,25%"
"08.02.2021","0,038285","0,038020","0,038340","0,038020","20,10B","1,06%"
"05.02.2021","0,037885","0,037455","0,038075","0,037315","29,79B","1,35%"
"04.02.2021","0,037380","0,036920","0,037400","0,036920","18,43B","1,03%"
"03.02.2021","0,037000","0,037140","0,037375","0,036750","22,62B","0,15%"
"02.02.2021","0,036945","0,037100","0,037530","0,036850","27,94B","0,00%"
"01.02.2021","0,036945","0,036800","0,037145","0,036635","20,88B","0,85%"
"29.01.2021","0,036635","0,036935","0,036955","0,036550","22,26B","-1,23%"
"28.01.2021","0,037090","0,037000","0,037320","0,036400","34,13B","0,07%"
"27.01.2021","0,037065","0,037800","0,037885","0,037020","24,57B","-1,74%"
"26.01.2021","0,037720","0,037550","0,037825","0,037350","18,56B","0,00%"
"25.01.2021","0,037720","0,037600","0,037900","0,037405","25,86B","0,94%"
"22.01.2021","0,037370","0,037650","0,037740","0,037080","33,45B","-1,32%"
"21.01.2021","0,037870","0,038980","0,038990","0,037790","37,89B","-2,37%"
"20.01.2021","0,038790","0,038680","0,038910","0,038600","24,79B","0,38%"
"19.01.2021","0,038645","0,039470","0,039475","0,038550","33,88B","-1,32%"
"18.01.2021","0,039160","0,039375","0,039440","0,038755","39,20B","-1,01%"
"15.01.2021","0,039560","0,039735","0,041440","0,039200","84,25B","-0,79%"
"14.01.2021","0,039875","0,039790","0,040100","0,039260","26,62B","0,35%"
"13.01.2021","0,039735","0,040200","0,040460","0,039510","37,11B","-1,10%"
"12.01.2021","0,040175","0,040045","0,040550","0,039750","50,01B","0,71%"
"11.01.2021","0,039890","0,038745","0,040050","0,038410","60,32B","2,44%"
"08.01.2021","0,038940","0,038515","0,039095","0,038445","39,65B","1,84%"
"06.01.2021","0,038235","0,038580","0,038595","0,038050","25,48B","-0,55%"
"05.01.2021","0,038445","0,037925","0,038600","0,037855","28,79B","1,37%"
"04.01.2021","0,037925","0,038100","0,038520","0,037800","23,94B","0,08%"
"30.12.2020","0,037895","0,037890","0,038180","0,037500","17,78B","0,37%"
"29.12.2020","0,037755","0,038180","0,038220","0,037465","16,67B","-0,67%"
"28.12.2020","0,038010","0,038300","0,038315","0,037900","18,44B","0,16%"
"25.12.2020","0,037950","0,037840","0,038075","0,037800","9,90B","0,32%"
"24.12.2020","0,037830","0,038150","0,038270","0,037670","17,87B","-0,30%"
"23.12.2020","0,037945","0,037295","0,038145","0,037155","33,25B","1,99%"
"22.12.2020","0,037205","0,036900","0,037540","0,036755","27,84B","0,07%"
"21.12.2020","0,037180","0,037960","0,038045","0,036515","58,56B","-2,54%"
"18.12.2020","0,038150","0,038150","0,038365","0,037825","29,67B","-0,52%"
"17.12.2020","0,038350","0,038350","0,038940","0,038005","48,36B","0,09%"
"16.12.2020","0,038315","0,037825","0,038500","0,037700","64,51B","1,46%"
"15.12.2020","0,037765","0,037705","0,038040","0,037610","39,28B","-0,17%"
"14.12.2020","0,037830","0,038150","0,038695","0,037500","63,81B","-0,30%"
"11.12.2020","0,037945","0,038075","0,038230","0,037700","35,75B","-0,22%"
"10.12.2020","0,038030","0,037425","0,038140","0,037230","47,84B","1,90%"
"09.12.2020","0,037320","0,037530","0,037940","0,037250","31,23B","-0,43%"
"08.12.2020","0,037480","0,037485","0,037800","0,037050","26,20B","-0,03%"
"07.12.2020","0,037490","0,037800","0,037985","0,037445","25,91B","-0,91%"
"04.12.2020","0,037835","0,037840","0,038100","0,037700","39,95B","0,21%"
"03.12.2020","0,037755","0,037990","0,038430","0,037340","46,39B","-0,57%"
"02.12.2020","0,037970","0,037550","0,038050","0,037470","33,25B","0,72%"
"01.12.2020","0,037700","0,037385","0,037825","0,037270","29,87B","1,32%"
"30.11.2020","0,037210","0,037705","0,037850","0,037005","44,63B","-1,47%"
"27.11.2020","0,037765","0,037100","0,038200","0,036785","110,56B","2,07%"
"26.11.2020","0,037000","0,036865","0,037440","0,036600","71,43B","0,49%"
"25.11.2020","0,036820","0,036940","0,037150","0,036445","51,55B","-0,31%"
"24.11.2020","0,036935","0,036695","0,036995","0,036435","31,58B","1,11%"
"23.11.2020","0,036530","0,036670","0,037000","0,036255","31,81B","-0,04%"
"20.11.2020","0,036545","0,036100","0,036845","0,036050","34,49B","1,23%"
"19.11.2020","0,036100","0,036050","0,036265","0,035690","27,25B","0,14%"
"18.11.2020","0,036050","0,036010","0,036680","0,035435","42,89B","-0,41%"
"17.11.2020","0,036200","0,037190","0,037245","0,035900","67,09B","-2,69%"
"16.11.2020","0,037200","0,036950","0,037300","0,036605","87,17B","1,64%"
"13.11.2020","0,036600","0,035930","0,037050","0,035745","107,16B","1,85%"
"12.11.2020","0,035935","0,034000","0,036605","0,033850","108,57B","5,26%"
"11.11.2020","0,034140","0,034710","0,035220","0,034120","59,20B","-1,44%"
"10.11.2020","0,034640","0,034380","0,034835","0,034165","36,27B","0,73%"
"09.11.2020","0,034390","0,033900","0,034620","0,033625","65,19B","2,34%"
"06.11.2020","0,033605","0,033570","0,033725","0,033200","23,50B","-0,12%"
"05.11.2020","0,033645","0,033420","0,033790","0,033155","40,43B","2,09%"
"03.11.2020","0,032955","0,033000","0,033295","0,032705","34,42B","0,27%"
"02.11.2020","0,032865","0,032630","0,032915","0,032100","24,61B","0,61%"
"30.10.2020","0,032665","0,032475","0,033220","0,032220","30,38B","-0,29%"
"29.10.2020","0,032760","0,032370","0,033100","0,032050","39,28B","1,66%"
"28.10.2020","0,032225","0,033435","0,033435","0,032200","35,78B","-3,62%"
"27.10.2020","0,033435","0,034160","0,034425","0,033400","23,80B","-1,99%"
"26.10.2020","0,034115","0,034725","0,034730","0,033885","26,68B","-1,93%"
"23.10.2020","0,034785","0,034610","0,035145","0,034270","39,23B","0,42%"
"22.10.2020","0,034640","0,033400","0,034780","0,033250","65,65B","3,10%"
"21.10.2020","0,033600","0,033960","0,034670","0,033325","91,92B","-0,86%"
"20.10.2020","0,033890","0,031800","0,033980","0,031500","107,52B","6,82%"
"19.10.2020","0,031725","0,032120","0,032295","0,031625","21,28B","-0,92%"
"16.10.2020","0,032020","0,032600","0,032675","0,032005","19,95B","-1,94%"
"15.10.2020","0,032655","0,033120","0,033185","0,032405","25,03B","-1,72%"
"14.10.2020","0,033225","0,032965","0,033295","0,032805","12,84B","0,56%"
"13.10.2020","0,033040","0,033180","0,033380","0,032915","12,16B","-0,57%"
"12.10.2020","0,033230","0,033195","0,033540","0,033115","13,35B","0,08%"
"09.10.2020","0,033205","0,033475","0,033475","0,033005","13,95B","-0,57%"
"08.10.2020","0,033395","0,033400","0,033505","0,033055","18,56B","-0,03%"
"07.10.2020","0,033405","0,033800","0,033950","0,033190","23,75B","-1,14%"
"06.10.2020","0,033790","0,033745","0,034065","0,033695","14,22B","0,12%"
"05.10.2020","0,033750","0,033950","0,033980","0,033600","14,81B","-0,25%"
"02.10.2020","0,033835","0,033740","0,033900","0,033510","19,76B","-1,21%"
"01.10.2020","0,034250","0,034645","0,034705","0,034150","14,04B","-0,65%"
"30.09.2020","0,034475","0,034545","0,034750","0,034270","19,44B","-0,30%"
"29.09.2020","0,034580","0,034500","0,034880","0,033630","33,61B","0,25%"
"28.09.2020","0,034495","0,034255","0,034590","0,034170","18,39B","0,79%"
"25.09.2020","0,034225","0,034340","0,034390","0,033910","18,76B","-0,15%"
"24.09.2020","0,034275","0,034140","0,034600","0,034020","35,48B","-0,23%"
"23.09.2020","0,034355","0,034600","0,034875","0,034300","27,37B","-0,81%"
"22.09.2020","0,034635","0,034835","0,035115","0,034300","51,07B","-0,63%"
"21.09.2020","0,034855","0,035475","0,035475","0,034550","27,06B","-1,79%"
"18.09.2020","0,035490","0,035760","0,035800","0,035255","22,40B","-0,60%"
"17.09.2020","0,035705","0,035610","0,035770","0,035345","24,48B","-0,25%"
"16.09.2020","0,035795","0,036240","0,036345","0,035685","22,06B","-1,08%"
"15.09.2020","0,036185","0,035830","0,036250","0,035635","24,93B","1,08%"
"14.09.2020","0,035800","0,035530","0,035875","0,035480","24,48B","1,07%"
"11.09.2020","0,035420","0,035240","0,035440","0,035090","13,26B","0,77%"
"10.09.2020","0,035150","0,035050","0,035485","0,034615","24,68B","0,34%"
"09.09.2020","0,035030","0,034830","0,035060","0,034710","14,81B","0,59%"
"08.09.2020","0,034825","0,035250","0,035285","0,034500","26,90B","-1,09%"
"07.09.2020","0,035210","0,035250","0,035445","0,035085","14,16B","-0,35%"
"04.09.2020","0,035335","0,034985","0,035400","0,034805","20,97B","0,73%"
"03.09.2020","0,035080","0,035535","0,035620","0,034925","34,15B","-1,34%"
"02.09.2020","0,035555","0,036100","0,036160","0,035160","29,99B","-1,41%"
"01.09.2020","0,036065","0,035435","0,036085","0,035370","24,62B","1,95%"
"31.08.2020","0,035375","0,036060","0,036195","0,035055","29,83B","-1,60%"
"28.08.2020","0,035950","0,036155","0,036275","0,035800","15,12B","-0,39%"
"27.08.2020","0,036090","0,036050","0,036370","0,035950","22,39B","0,07%"
"26.08.2020","0,036065","0,035790","0,036080","0,035360","31,80B","0,60%"
"25.08.2020","0,035850","0,036320","0,036460","0,035650","36,27B","-1,28%"
"24.08.2020","0,036315","0,036460","0,036660","0,036005","41,05B","-0,12%"
"21.08.2020","0,036360","0,037010","0,037100","0,036075","34,66B","-1,65%"
"20.08.2020","0,036970","0,037325","0,037345","0,036710","29,01B","-1,27%"
"19.08.2020","0,037445","0,037320","0,037660","0,037245","18,07B","0,24%"
"18.08.2020","0,037355","0,037575","0,037735","0,037170","19,46B","-0,68%"
"17.08.2020","0,037610","0,037850","0,038100","0,037370","36,07B","-0,29%"
"14.08.2020","0,037720","0,037780","0,037845","0,037275","25,08B","0,21%"
"13.08.2020","0,037640","0,037590","0,037985","0,037455","34,54B","-0,11%"
"12.08.2020","0,037680","0,037170","0,037700","0,036935","39,96B","2,03%"
"11.08.2020","0,036930","0,036650","0,037455","0,036605","59,06B","0,48%"
"10.08.2020","0,036755","0,036700","0,037050","0,036510","40,06B","0,10%"
"07.08.2020","0,036720","0,037820","0,037940","0,036595","100,29B","-2,93%"
"06.08.2020","0,037830","0,038560","0,038780","0,037430","85,66B","-1,87%"
"05.08.2020","0,038550","0,040530","0,040725","0,038110","187,09B","-4,54%"
"04.08.2020","0,040385","0,040200","0,040705","0,039850","43,71B","0,65%"
"03.08.2020","0,040125","0,038835","0,040135","0,038760","66,52B","3,54%"
"31.07.2020","0,038755","0,038440","0,038900","0,038440","28,32B","0,38%"
"30.07.2020","0,038610","0,038500","0,039115","0,038250","45,25B","-1,61%"
"29.07.2020","0,039240","0,038820","0,039295","0,038500","40,38B","0,86%"
"28.07.2020","0,038905","0,039300","0,039515","0,038740","32,23B","-0,78%"
"27.07.2020","0,039210","0,038100","0,039500","0,038045","90,60B","3,32%"
"24.07.2020","0,037950","0,037490","0,038025","0,037120","29,50B","1,29%"
"23.07.2020","0,037465","0,038145","0,038205","0,037160","37,91B","-1,12%"
"22.07.2020","0,037890","0,037985","0,038350","0,037520","50,34B","-0,47%"
"21.07.2020","0,038070","0,037150","0,038720","0,037150","140,52B","2,61%"
"20.07.2020","0,037100","0,034800","0,037135","0,034650","107,90B","6,61%"
"17.07.2020","0,034800","0,034815","0,034880","0,034605","15,44B","-0,03%"
"16.07.2020","0,034810","0,034760","0,034940","0,034625","14,55B","-0,53%"
"15.07.2020","0,034995","0,035000","0,035055","0,034740","20,38B","0,23%"
"14.07.2020","0,034915","0,035010","0,035055","0,034180","37,32B","-0,24%"
"13.07.2020","0,035000","0,035360","0,035395","0,034955","21,76B","-0,67%"
"10.07.2020","0,035235","0,034940","0,035255","0,034860","21,52B","0,17%"
"09.07.2020","0,035175","0,035640","0,035640","0,035000","25,57B","-0,94%"
"08.07.2020","0,035510","0,035705","0,035750","0,035275","28,62B","-0,63%"
"07.07.2020","0,035735","0,035995","0,036000","0,035655","21,10B","-0,96%"
"06.07.2020","0,036080","0,035975","0,036160","0,035800","25,80B","1,15%"
"03.07.2020","0,035670","0,035515","0,035695","0,035380","16,98B","0,73%"
"02.07.2020","0,035410","0,035130","0,035580","0,035130","21,61B","1,03%"
"30.06.2020","0,035050","0,035420","0,035550","0,034920","21,46B","-1,23%"
"29.06.2020","0,035485","0,035175","0,035510","0,034845","19,42B","0,95%"
"26.06.2020","0,035150","0,035580","0,035700","0,035040","19,43B","-1,26%"
"25.06.2020","0,035600","0,035105","0,035600","0,034975","26,36B","0,17%"
"23.06.2020","0,035540","0,035545","0,035880","0,035430","20,51B","-0,07%"
"22.06.2020","0,035565","0,035400","0,035750","0,035230","36,66B","0,88%"
"19.06.2020","0,035255","0,036120","0,036350","0,035255","53,98B","-1,80%"
"18.06.2020","0,035900","0,036430","0,036495","0,035830","32,68B","-1,64%"
"17.06.2020","0,036500","0,036920","0,037160","0,036450","24,87B","-1,03%"
"16.06.2020","0,036880","0,037200","0,037430","0,036800","25,79B","0,10%"
"15.06.2020","0,036845","0,036150","0,037050","0,035830","28,89B","0,27%"
"11.06.2020","0,036745","0,037270","0,037280","0,036440","36,96B","-2,22%"
"10.06.2020","0,037580","0,037770","0,037815","0,037365","22,76B","-0,32%"
"09.06.2020","0,037700","0,037800","0,037835","0,037165","27,80B","0,01%"
"08.06.2020","0,037695","0,037750","0,037945","0,037400","37,00B","0,27%"
"05.06.2020","0,037595","0,037310","0,037675","0,037190","31,46B","1,20%"
"04.06.2020","0,037150","0,037870","0,037900","0,036800","48,04B","-2,19%"
"03.06.2020","0,037980","0,037260","0,037980","0,037250","45,95B","2,17%"
"02.06.2020","0,037175","0,036740","0,037175","0,036650","46,05B","1,46%"
"01.06.2020","0,036640","0,036420","0,036730","0,036270","38,48B","0,91%"
"29.05.2020","0,036310","0,035900","0,036310","0,035300","41,18B","0,95%"
"28.05.2020","0,035970","0,035595","0,036060","0,035410","40,13B","1,64%"
"27.05.2020","0,035390","0,035090","0,035650","0,035050","36,44B","0,83%"
"26.05.2020","0,035100","0,035180","0,035570","0,035060","28,69B","0,27%"
"25.05.2020","0,035005","0,034805","0,035090","0,034805","11,94B","0,97%"
"22.05.2020","0,034670","0,034700","0,034880","0,034530","21,24B","-0,83%"
"21.05.2020","0,034960","0,035260","0,035420","0,034785","34,19B","-0,71%"
"20.05.2020","0,035210","0,034795","0,035235","0,034630","27,89B","1,09%"
"19.05.2020","0,034830","0,035100","0,035430","0,034670","30,09B","-0,46%"
"18.05.2020","0,034990","0,034620","0,035045","0,034500","25,54B","2,27%"
"15.05.2020","0,034215","0,034620","0,034850","0,034215","21,68B","-0,28%"
"14.05.2020","0,034310","0,034040","0,034500","0,033915","28,92B","0,31%"
"13.05.2020","0,034205","0,035000","0,035040","0,034205","34,69B","-2,79%"
"12.05.2020","0,035185","0,035360","0,035510","0,035100","20,40B","-0,54%"
"08.05.2020","0,035375","0,035610","0,035785","0,035050","27,30B","-0,44%"
"07.05.2020","0,035530","0,035450","0,035940","0,035375","26,87B","0,62%"
"06.05.2020","0,035310","0,035495","0,035895","0,035305","33,14B","-0,47%"
"05.05.2020","0,035475","0,035265","0,035655","0,035160","29,97B","1,76%"
"04.05.2020","0,034860","0,034500","0,035100","0,034105","32,90B","-0,11%"
"30.04.2020","0,034900","0,035600","0,035835","0,034760","44,16B","-0,84%"
"29.04.2020","0,035195","0,034750","0,035230","0,034650","38,85B","2,01%"
"28.04.2020","0,034500","0,033875","0,035000","0,033785","56,80B","1,77%"
"27.04.2020","0,033900","0,033700","0,034085","0,033650","22,89B","0,58%"
"24.04.2020","0,033705","0,034095","0,034160","0,033600","35,76B","-1,65%"
"23.04.2020","0,034270","0,034250","0,034455","0,033820","43,62B","0,79%"
"22.04.2020","0,034000","0,032950","0,034170","0,032710","55,75B","2,72%"
"21.04.2020","0,033100","0,033310","0,033380","0,032640","60,63B","-2,09%"
"20.04.2020","0,033805","0,033900","0,034275","0,033600","40,67B","-1,44%"
"17.04.2020","0,034300","0,034800","0,034800","0,034000","40,59B","0,88%"
"16.04.2020","0,034000","0,033490","0,034465","0,032700","87,10B","2,29%"
"15.04.2020","0,033240","0,035120","0,035185","0,033175","89,84B","-6,14%"
"14.04.2020","0,035415","0,036400","0,036450","0,035195","58,14B","-1,35%"
"13.04.2020","0,035900","0,036575","0,037125","0,035815","70,64B","-1,89%"
"10.04.2020","0,036590","0,036200","0,036780","0,035500","63,27B","0,52%"
"09.04.2020","0,036400","0,035605","0,036940","0,035375","126,41B","4,00%"
"08.04.2020","0,035000","0,034370","0,035000","0,033920","62,95B","1,83%"
"07.04.2020","0,034370","0,034150","0,035200","0,034025","129,60B","2,08%"
"06.04.2020","0,033670","0,032500","0,033860","0,032370","85,02B","4,96%"
"03.04.2020","0,032080","0,032000","0,032600","0,031825","69,40B","-0,30%"
"02.04.2020","0,032175","0,032770","0,032995","0,031175","83,79B","0,45%"
"01.04.2020","0,032030","0,031640","0,032380","0,031560","57,94B","-1,75%"
"31.03.2020","0,032600","0,032345","0,032695","0,031795","72,34B","3,00%"
"30.03.2020","0,031650","0,030740","0,031795","0,029820","78,15B","1,77%"
"27.03.2020","0,031100","0,032950","0,032950","0,030855","60,80B","-4,31%"
"26.03.2020","0,032500","0,032695","0,033400","0,032100","64,72B","-0,91%"
"25.03.2020","0,032800","0,033600","0,035485","0,031700","131,96B","-0,24%"
"24.03.2020","0,032880","0,033025","0,033495","0,032400","63,29B","4,05%"
"23.03.2020","0,031600","0,030050","0,032475","0,030050","80,08B","0,32%"
"20.03.2020","0,031500","0,031165","0,033025","0,031090","117,47B","3,04%"
"19.03.2020","0,030570","0,028500","0,030650","0,027855","101,20B","8,64%"
"18.03.2020","0,028140","0,029100","0,029390","0,027600","90,60B","-5,36%"
"17.03.2020","0,029735","0,030220","0,031440","0,028905","90,65B","-1,38%"
"16.03.2020","0,030150","0,030330","0,030945","0,028755","118,85B","-4,51%"
"13.03.2020","0,031575","0,031755","0,032995","0,031200","130,92B","1,46%"
"12.03.2020","0,031120","0,034995","0,034995","0,030735","147,13B","-14,40%"
"11.03.2020","0,036355","0,038300","0,038300","0,036170","58,79B","-2,92%"
"10.03.2020","0,037450","0,037100","0,039700","0,034780","101,03B","-9,15%"
"06.03.2020","0,041220","0,042600","0,042600","0,040835","62,61B","-4,30%"
"05.03.2020","0,043070","0,043575","0,043780","0,042925","25,44B","-0,20%"
"04.03.2020","0,043155","0,042835","0,043800","0,042700","28,91B","-0,23%"
"03.03.2020","0,043255","0,043730","0,044190","0,042835","50,77B","0,59%"
"02.03.2020","0,043000","0,044170","0,044440","0,042615","64,40B","-0,76%"
"28.02.2020","0,043330","0,044200","0,044495","0,042430","89,30B","-4,54%"
"27.02.2020","0,045390","0,046945","0,047130","0,045310","46,45B","-3,90%"
"26.02.2020","0,047230","0,047050","0,047740","0,046520","52,37B","-0,14%"
"25.02.2020","0,047295","0,047370","0,048275","0,047220","53,16B","-1,39%"
"21.02.2020","0,047960","0,047375","0,048100","0,047200","19,86B","0,95%"
"20.02.2020","0,047510","0,047600","0,047785","0,047510","12,63B","0,08%"
"19.02.2020","0,047470","0,047420","0,047580","0,047280","13,81B","0,56%"
"18.02.2020","0,047205","0,047925","0,047995","0,047200","23,78B","-1,85%"
"17.02.2020","0,048095","0,048095","0,048180","0,047880","9,21B","0,44%"
"14.02.2020","0,047885","0,048105","0,048250","0,047735","11,63B","-0,24%"
"13.02.2020","0,048000","0,047780","0,048360","0,047585","28,70B","0,27%"
"12.02.2020","0,047870","0,047500","0,048050","0,047450","19,69B","0,91%"
"11.02.2020","0,047440","0,047600","0,047790","0,047420","28,05B","0,08%"
"10.02.2020","0,047400","0,048200","0,048500","0,047400","34,92B","-1,43%"
"07.02.2020","0,048090","0,048040","0,048230","0,047400","17,59B","0,03%"
"06.02.2020","0,048075","0,048000","0,048350","0,047710","30,44B","0,83%"
"05.02.2020","0,047680","0,047325","0,048175","0,047025","39,55B","0,90%"
"04.02.2020","0,047255","0,046360","0,047435","0,046330","38,56B","2,39%"
"03.02.2020","0,046150","0,046000","0,046565","0,045835","29,26B","-0,54%"
"31.01.2020","0,046400","0,047410","0,047560","0,046400","30,12B","-1,37%"
"30.01.2020","0,047045","0,047325","0,047735","0,047010","22,48B","-1,04%"
"29.01.2020","0,047540","0,047350","0,047780","0,047000","34,52B","0,72%"
"28.01.2020","0,047200","0,047120","0,047295","0,046425","26,08B","0,81%"
"27.01.2020","0,046820","0,047500","0,047670","0,046250","50,78B","-2,46%"
"24.01.2020","0,048000","0,048770","0,049115","0,048000","39,92B","-1,03%"
"23.01.2020","0,048500","0,048595","0,049450","0,048200","43,27B","-0,96%"
"22.01.2020","0,048970","0,049900","0,050250","0,048885","51,86B","-1,69%"
"21.01.2020","0,049810","0,048015","0,050250","0,047415","156,57B","3,74%"
"20.01.2020","0,048015","0,048245","0,048840","0,048000","44,85B","-0,04%"
"17.01.2020","0,048035","0,047810","0,048200","0,047700","28,03B","0,44%"
"16.01.2020","0,047825","0,047020","0,047825","0,047000","30,87B","2,18%"
"15.01.2020","0,046805","0,047220","0,048150","0,046700","59,83B","-0,96%"
"14.01.2020","0,047260","0,048150","0,048425","0,047100","39,58B","-1,66%"
"13.01.2020","0,048060","0,047700","0,048250","0,047610","32,65B","0,97%"
"10.01.2020","0,047600","0,047150","0,047890","0,047005","29,93B","1,12%"
"09.01.2020","0,047075","0,046830","0,047300","0,046575","29,51B","1,18%"
"08.01.2020","0,046525","0,046210","0,047000","0,046200","28,82B","0,90%"
"06.01.2020","0,046110","0,046110","0,046195","0,045930","8,02B","-0,28%"
"03.01.2020","0,046240","0,046145","0,046340","0,045995","11,91B","0,74%"
"30.12.2019","0,045900","0,045990","0,046190","0,045865","11,86B","0,04%"
"27.12.2019","0,045880","0,046100","0,046170","0,045755","15,60B","-0,26%"
"26.12.2019","0,046000","0,045995","0,046160","0,045870","10,11B","0,04%"
"25.12.2019","0,045980","0,046400","0,046485","0,045930","12,43B","-0,80%"
"24.12.2019","0,046350","0,046680","0,046705","0,046300","9,58B","-0,33%"
"23.12.2019","0,046505","0,046305","0,046655","0,046305","11,77B","0,44%"
"20.12.2019","0,046300","0,046610","0,046695","0,046110","17,24B","-0,46%"
"19.12.2019","0,046515","0,046840","0,047215","0,046000","34,85B","-0,86%"
"18.12.2019","0,046920","0,046540","0,047000","0,046190","22,03B","0,79%"
"17.12.2019","0,046550","0,046620","0,046785","0,046420","14,65B","0,09%"
"16.12.2019","0,046510","0,046380","0,046985","0,046350","27,05B","0,35%"
"13.12.2019","0,046350","0,045475","0,046560","0,045400","43,27B","2,19%"
"12.12.2019","0,045355","0,045355","0,045450","0,045075","16,77B","0,11%"
"11.12.2019","0,045305","0,045185","0,045485","0,045100","12,33B","0,30%"
"10.12.2019","0,045170","0,045220","0,045650","0,044965","17,96B","-0,62%"
"09.12.2019","0,045450","0,045270","0,045450","0,044815","18,24B","0,39%"
"06.12.2019","0,045275","0,044715","0,045275","0,044620","16,96B","1,25%"
"05.12.2019","0,044715","0,044685","0,044845","0,044270","11,72B","0,27%"
"04.12.2019","0,044595","0,044130","0,044785","0,043905","20,64B","0,79%"
"03.12.2019","0,044245","0,044865","0,044965","0,044015","29,18B","-1,49%"
"02.12.2019","0,044915","0,045500","0,045630","0,044765","25,42B","-0,92%"
"29.11.2019","0,045330","0,045360","0,045680","0,045090","20,11B","-0,22%"
"28.11.2019","0,045430","0,045810","0,045935","0,045300","18,18B","-0,81%"
"27.11.2019","0,045800","0,045870","0,046000","0,045755","10,46B","-0,16%"
"26.11.2019","0,045875","0,046300","0,046365","0,045705","21,92B","-0,81%"
"25.11.2019","0,046250","0,046230","0,046590","0,046100","10,53B","0,13%"
"22.11.2019","0,046190","0,046035","0,046360","0,045920","14,65B","0,42%"
"21.11.2019","0,045995","0,045900","0,046375","0,045560","21,41B","-0,01%"
"20.11.2019","0,046000","0,046140","0,046450","0,045735","25,08B","-0,99%"
"19.11.2019","0,046460","0,046260","0,046950","0,046100","22,82B","0,56%"
"18.11.2019","0,046200","0,046755","0,047220","0,046140","24,72B","-1,53%"
"15.11.2019","0,046920","0,047060","0,047145","0,046530","23,20B","-0,31%"
"14.11.2019","0,047065","0,047500","0,047880","0,046465","47,91B","-0,56%"
"13.11.2019","0,047330","0,046835","0,048000","0,045950","71,20B","0,70%"
"12.11.2019","0,047000","0,046995","0,048000","0,046595","75,17B","0,11%"
"11.11.2019","0,046950","0,046075","0,047340","0,045675","95,33B","2,07%"
"08.11.2019","0,046000","0,044165","0,046250","0,043810","100,81B","3,84%"
"07.11.2019","0,044300","0,044035","0,044750","0,043605","50,74B","0,23%"
"06.11.2019","0,044200","0,044025","0,044680","0,043800","89,82B","0,40%"
"05.11.2019","0,044025","0,043700","0,044100","0,043400","30,72B","2,04%"
"01.11.2019","0,043145","0,043075","0,043330","0,042820","16,20B","0,13%"
"31.10.2019","0,043090","0,043590","0,043760","0,042700","28,06B","-0,94%"
"30.10.2019","0,043500","0,043150","0,043875","0,042945","35,12B","1,02%"
"29.10.2019","0,043060","0,042825","0,043060","0,042595","14,48B","0,55%"
"28.10.2019","0,042825","0,043080","0,043540","0,042655","22,78B","-0,37%"
"25.10.2019","0,042985","0,042860","0,043300","0,042375","30,17B","0,30%"
"24.10.2019","0,042855","0,043190","0,043190","0,042530","28,82B","-0,80%"
"23.10.2019","0,043200","0,043655","0,043660","0,042280","52,95B","-1,14%"
"22.10.2019","0,043700","0,043970","0,043970","0,043320","23,99B","0,14%"
"21.10.2019","0,043640","0,042980","0,044060","0,042920","49,29B","1,96%"
"18.10.2019","0,042800","0,042000","0,043100","0,041880","34,68B","1,89%"
"17.10.2019","0,042005","0,041975","0,042165","0,041705","8,85B","0,06%"
"16.10.2019","0,041980","0,041870","0,042160","0,041725","11,98B","0,67%"
"15.10.2019","0,041700","0,041750","0,041945","0,041300","15,55B","-0,12%"
"14.10.2019","0,041750","0,041940","0,042180","0,041505","12,97B","-0,42%"
"11.10.2019","0,041925","0,041425","0,042395","0,041395","34,35B","1,39%"
"10.10.2019","0,041350","0,040810","0,041350","0,040665","13,33B","1,35%"
"09.10.2019","0,040800","0,040660","0,041300","0,040660","14,67B","0,36%"
"08.10.2019","0,040655","0,041540","0,041540","0,040655","19,89B","-1,95%"
"07.10.2019","0,041465","0,040950","0,041640","0,040680","17,01B","1,75%"
"04.10.2019","0,040750","0,041080","0,041290","0,040655","15,18B","-0,37%"
"03.10.2019","0,040900","0,041315","0,041570","0,040435","42,00B","-0,99%"
"02.10.2019","0,041310","0,042300","0,042500","0,041295","25,63B","-2,34%"
"01.10.2019","0,042300","0,042545","0,042815","0,042300","9,34B","-0,69%"
"30.09.2019","0,042595","0,042740","0,042765","0,042005","15,52B","-0,23%"
"27.09.2019","0,042695","0,042950","0,042980","0,042630","9,62B","-0,52%"
"26.09.2019","0,042920","0,042210","0,043200","0,042125","33,78B","1,47%"
"25.09.2019","0,042300","0,042000","0,042475","0,041515","22,59B","0,53%"
"24.09.2019","0,042075","0,042200","0,043500","0,042070","60,54B","0,01%"
"23.09.2019","0,042070","0,042380","0,042590","0,041880","12,16B","-0,78%"
"20.09.2019","0,042400","0,042400","0,042515","0,041880","18,90B","-0,13%"
"19.09.2019","0,042455","0,042560","0,042700","0,042255","19,27B","-0,23%"
"18.09.2019","0,042555","0,042335","0,042920","0,042220","26,24B","0,51%"
"17.09.2019","0,042340","0,042600","0,042790","0,042120","23,44B","-0,77%"
"16.09.2019","0,042670","0,042690","0,042785","0,042080","19,78B","0,40%"
"13.09.2019","0,042500","0,042880","0,043145","0,042300","20,27B","-0,87%"
"12.09.2019","0,042875","0,042600","0,043300","0,042460","35,52B","0,41%"
"11.09.2019","0,042700","0,042795","0,043050","0,042360","34,86B","0,12%"
"10.09.2019","0,042650","0,041575","0,042830","0,041245","58,24B","2,77%"
"09.09.2019","0,041500","0,042145","0,042330","0,041410","23,50B","-1,07%"
"06.09.2019","0,041950","0,042100","0,042565","0,041550","35,05B","-0,13%"
"05.09.2019","0,042005","0,043150","0,044000","0,041650","114,42B","-2,11%"
"04.09.2019","0,042910","0,039405","0,043095","0,039375","172,68B","9,46%"
"03.09.2019","0,039200","0,039445","0,039735","0,038910","23,48B","-0,52%"
"02.09.2019","0,039405","0,038680","0,039680","0,038610","30,82B","1,87%"
"30.08.2019","0,038680","0,038530","0,038790","0,038285","22,72B","0,26%"
"29.08.2019","0,038580","0,038445","0,038980","0,038270","24,47B","0,29%"
"28.08.2019","0,038470","0,038440","0,038515","0,038085","15,01B","0,23%"
"27.08.2019","0,038380","0,038145","0,038380","0,037885","19,71B","0,84%"
"26.08.2019","0,038060","0,037900","0,038395","0,037770","18,24B","-0,12%"
"23.08.2019","0,038105","0,038600","0,038775","0,037945","25,46B","-1,21%"
"22.08.2019","0,038570","0,039330","0,039380","0,038570","17,45B","-1,93%"
"21.08.2019","0,039330","0,039400","0,039755","0,039140","20,31B","0,03%"
"20.08.2019","0,039320","0,038330","0,039520","0,038330","39,48B","2,49%"
"19.08.2019","0,038365","0,038350","0,038575","0,038140","23,06B","0,70%"
"16.08.2019","0,038100","0,038815","0,039065","0,038100","21,61B","-1,37%"
"15.08.2019","0,038630","0,039200","0,039365","0,038490","30,32B","-0,97%"
"14.08.2019","0,039010","0,040320","0,040355","0,038920","31,91B","-3,01%"
"13.08.2019","0,040220","0,040605","0,040655","0,039885","27,72B","-0,94%"
"12.08.2019","0,040600","0,040690","0,040950","0,040525","14,16B","0,00%"
"09.08.2019","0,040600","0,040900","0,040900","0,040460","15,35B","-0,98%"
"08.08.2019","0,041000","0,041085","0,041490","0,040125","58,70B","0,37%"
"07.08.2019","0,040850","0,041605","0,041820","0,040750","34,14B","-1,80%"
"06.08.2019","0,041600","0,041690","0,041910","0,041450","19,91B","0,13%"
"05.08.2019","0,041545","0,041940","0,042840","0,041500","29,03B","-1,12%"
"02.08.2019","0,042015","0,041995","0,042200","0,041430","62,24B","-1,22%"
"01.08.2019","0,042535","0,042395","0,042780","0,042250","17,80B","0,08%"
"31.07.2019","0,042500","0,042825","0,042950","0,042500","14,28B","-0,70%"
"30.07.2019","0,042800","0,042900","0,043060","0,042565","10,94B","-0,02%"
"29.07.2019","0,042810","0,042770","0,043100","0,042470","13,54B","0,26%"
"26.07.2019","0,042700","0,043055","0,043220","0,042550","21,29B","-1,04%"
"25.07.2019","0,043150","0,043000","0,043690","0,042520","22,62B","0,47%"
"24.07.2019","0,042950","0,043460","0,043660","0,042620","21,87B","-0,65%"
"23.07.2019","0,043230","0,043595","0,044000","0,043220","25,86B","-0,40%"
"22.07.2019","0,043405","0,042550","0,043900","0,042040","52,65B","2,37%"
"19.07.2019","0,042400","0,042450","0,042850","0,042200","19,36B","0,52%"
"18.07.2019","0,042180","0,042395","0,042875","0,042010","35,28B","-0,62%"
"17.07.2019","0,042445","0,043000","0,043490","0,042410","31,77B","-1,31%"
"16.07.2019","0,043010","0,043995","0,044040","0,042980","28,77B","-2,23%"
"15.07.2019","0,043990","0,044145","0,044790","0,043640","43,24B","-0,02%"
"12.07.2019","0,044000","0,043805","0,044450","0,042540","66,59B","0,00%"
"11.07.2019","0,044000","0,044150","0,045000","0,043245","84,58B","0,16%"
"10.07.2019","0,043930","0,043295","0,044400","0,043105","84,69B","1,85%"
"09.07.2019","0,043130","0,042550","0,043345","0,042350","55,49B","1,36%"
"08.07.2019","0,042550","0,041250","0,042925","0,040715","88,34B","2,89%"
"05.07.2019","0,041355","0,041465","0,041635","0,041270","40,37B","-0,10%"
"04.07.2019","0,041395","0,040615","0,042195","0,040525","74,65B","2,00%"
"03.07.2019","0,040585","0,040320","0,040600","0,040225","11,27B","0,21%"
"02.07.2019","0,040500","0,040380","0,040535","0,040150","10,63B","0,62%"
"01.07.2019","0,040250","0,040190","0,040700","0,039955","20,89B","0,93%"
"28.06.2019","0,039880","0,040250","0,040435","0,039870","10,28B","-0,62%"
"27.06.2019","0,040130","0,040305","0,040460","0,040050","14,01B","-0,32%"
"26.06.2019","0,040260","0,040550","0,040825","0,040250","14,12B","-0,78%"
"25.06.2019","0,040575","0,040690","0,040900","0,040200","19,50B","-0,37%"
"24.06.2019","0,040725","0,039990","0,041285","0,039850","39,80B","1,31%"
"21.06.2019","0,040200","0,039500","0,040200","0,039475","31,45B","-0,53%"
"20.06.2019","0,040415","0,040350","0,040600","0,040085","30,96B","0,46%"
"19.06.2019","0,040230","0,040400","0,040660","0,040035","17,27B","-0,52%"
"18.06.2019","0,040440","0,040500","0,040665","0,040030","18,82B","-0,11%"
"17.06.2019","0,040485","0,040350","0,040930","0,040120","18,50B","0,41%"
"14.06.2019","0,040320","0,040550","0,040900","0,040320","19,48B","-0,81%"
"13.06.2019","0,040650","0,040015","0,040650","0,039785","24,21B","1,62%"
"11.06.2019","0,040000","0,039500","0,041145","0,039255","75,78B","1,39%"
"10.06.2019","0,039450","0,039055","0,039640","0,039020","22,31B","1,15%"
"07.06.2019","0,039000","0,039000","0,039195","0,038700","16,46B","0,08%"
"06.06.2019","0,038970","0,038705","0,039370","0,038405","34,82B","0,70%"
"05.06.2019","0,038700","0,037400","0,039200","0,037080","88,21B","4,09%"
"04.06.2019","0,037180","0,037000","0,037540","0,036840","19,71B","0,54%"
"03.06.2019","0,036980","0,036495","0,037345","0,036250","37,02B","0,75%"
"31.05.2019","0,036705","0,036420","0,036705","0,036055","15,60B","0,01%"
"30.05.2019","0,036700","0,036840","0,037180","0,036300","30,99B","-0,27%"
"29.05.2019","0,036800","0,036630","0,036935","0,036230","32,89B","0,73%"
"28.05.2019","0,036535","0,037690","0,038130","0,036535","39,47B","-2,86%"
"27.05.2019","0,037610","0,037200","0,037945","0,037190","19,16B","1,10%"
"24.05.2019","0,037200","0,039100","0,039845","0,037120","134,62B","-4,00%"
"23.05.2019","0,038750","0,035100","0,038850","0,035030","105,67B","10,13%"
"22.05.2019","0,035185","0,035000","0,035330","0,034835","10,40B","0,82%"
"21.05.2019","0,034900","0,034995","0,035145","0,034900","8,67B","-0,26%"
"20.05.2019","0,034990","0,035105","0,035165","0,034975","6,94B","-0,31%"
"17.05.2019","0,035100","0,035020","0,035165","0,034855","8,75B","0,40%"
"16.05.2019","0,034960","0,035165","0,035250","0,034960","8,72B","-0,38%"
"15.05.2019","0,035095","0,035000","0,035280","0,034815","18,03B","0,47%"
"14.05.2019","0,034930","0,035070","0,035190","0,034910","10,35B","-0,13%"
"13.05.2019","0,034975","0,035190","0,035390","0,034975","9,45B","-0,63%"
"10.05.2019","0,035195","0,035455","0,035620","0,035070","9,97B","-0,75%"
"08.05.2019","0,035460","0,035630","0,035730","0,035460","6,52B","-0,32%"
"07.05.2019","0,035575","0,035660","0,036095","0,035575","9,01B","-0,52%"
"06.05.2019","0,035760","0,035350","0,035760","0,035350","5,27B","-0,06%"
"03.05.2019","0,035780","0,035650","0,035985","0,035575","8,18B","0,68%"
"02.05.2019","0,035540","0,035485","0,035775","0,035350","5,83B","0,11%"
"30.04.2019","0,035500","0,035650","0,035650","0,035150","12,23B","0,20%"
"29.04.2019","0,035430","0,035395","0,035700","0,035285","7,04B","0,06%"
"26.04.2019","0,035410","0,035375","0,035410","0,035100","11,91B","0,10%"
"25.04.2019","0,035375","0,035700","0,035800","0,035270","13,47B","-1,10%"
"24.04.2019","0,035770","0,035165","0,035770","0,034855","24,55B","1,25%"
"23.04.2019","0,035330","0,035875","0,035965","0,035205","24,11B","-1,27%"
"22.04.2019","0,035785","0,035995","0,036040","0,035775","6,58B","-0,07%"
"19.04.2019","0,035810","0,036020","0,036100","0,035800","4,91B","-0,56%"
"18.04.2019","0,036010","0,035870","0,036020","0,035700","12,40B","0,31%"
"17.04.2019","0,035900","0,036095","0,036215","0,035870","10,72B","-0,50%"
"16.04.2019","0,036080","0,036010","0,036150","0,035675","16,62B","0,31%"
"15.04.2019","0,035970","0,036425","0,036455","0,035845","15,08B","-0,79%"
"12.04.2019","0,036255","0,036640","0,036740","0,036130","12,74B","-1,20%"
"11.04.2019","0,036695","0,036885","0,037110","0,036540","13,86B","-0,52%"
"10.04.2019","0,036885","0,036280","0,037990","0,033210","63,66B","1,67%"
"09.04.2019","0,036280","0,036340","0,036500","0,036280","18,30B","-0,06%"
"08.04.2019","0,036300","0,036380","0,036555","0,036175","10,04B","-0,06%"
"05.04.2019","0,036320","0,036500","0,036610","0,036130","9,82B","-0,49%"
"04.04.2019","0,036500","0,036555","0,036610","0,036310","6,65B","-0,30%"
"03.04.2019","0,036610","0,036315","0,036665","0,036310","20,26B","1,13%"
"02.04.2019","0,036200","0,036200","0,036450","0,035970","10,75B","0,01%"
"01.04.2019","0,036195","0,035875","0,036250","0,035760","12,97B","1,54%"
"29.03.2019","0,035645","0,036100","0,036440","0,035555","20,13B","-0,99%"
"28.03.2019","0,036000","0,036005","0,036100","0,035950","5,30B","0,14%"
"27.03.2019","0,035950","0,036200","0,036350","0,035950","7,07B","-0,83%"
"26.03.2019","0,036250","0,036325","0,036500","0,036205","11,04B","-0,22%"
"25.03.2019","0,036330","0,035850","0,036405","0,035670","14,21B","0,92%"
"22.03.2019","0,036000","0,036550","0,036550","0,035930","13,21B","-1,41%"
"21.03.2019","0,036515","0,036795","0,036960","0,036305","19,76B","-0,48%"
"20.03.2019","0,036690","0,036755","0,036850","0,036605","14,50B","-0,22%"
"19.03.2019","0,036770","0,036970","0,037000","0,036660","9,57B","-0,41%"
"18.03.2019","0,036920","0,037020","0,037215","0,036710","25,72B","-1,26%"
"15.03.2019","0,037390","0,036300","0,037390","0,036070","36,75B","3,24%"
"14.03.2019","0,036215","0,036335","0,036800","0,036020","18,22B","-0,34%"
"13.03.2019","0,036340","0,035525","0,036550","0,035510","20,99B","1,94%"
"12.03.2019","0,035650","0,035450","0,035845","0,035370","13,14B","0,79%"
"11.03.2019","0,035370","0,035140","0,035500","0,035080","13,13B","0,43%"
"07.03.2019","0,035220","0,035355","0,035455","0,035110","11,26B","-0,77%"
"06.03.2019","0,035495","0,035200","0,035495","0,035175","10,60B","0,55%"
"05.03.2019","0,035300","0,035900","0,035900","0,035280","18,10B","-1,86%"
"04.03.2019","0,035970","0,036030","0,036155","0,035875","7,92B","-0,17%"
"01.03.2019","0,036030","0,036000","0,036095","0,035900","9,62B","0,36%"
"28.02.2019","0,035900","0,035920","0,036145","0,035760","10,49B","-0,15%"
"27.02.2019","0,035955","0,035950","0,036035","0,035650","16,44B","0,43%"
"26.02.2019","0,035800","0,036155","0,036265","0,035775","13,64B","-1,21%"
"25.02.2019","0,036240","0,036225","0,036395","0,035910","10,85B","0,44%"
"22.02.2019","0,036080","0,036070","0,036280","0,035910","8,30B","0,04%"
"21.02.2019","0,036065","0,036520","0,036520","0,035815","13,55B","-0,97%"
"20.02.2019","0,036420","0,036205","0,036540","0,036205","7,25B","0,48%"
"19.02.2019","0,036245","0,036350","0,036695","0,036005","10,46B","-0,23%"
"18.02.2019","0,036330","0,036700","0,036900","0,036065","12,39B","-0,74%"
"15.02.2019","0,036600","0,036175","0,036610","0,036115","14,73B","1,55%"
"14.02.2019","0,036040","0,036400","0,036465","0,035615","36,54B","-2,56%"
"13.02.2019","0,036985","0,037995","0,038005","0,036930","20,97B","-2,41%"
"12.02.2019","0,037900","0,037795","0,038065","0,037685","13,57B","0,80%"
"11.02.2019","0,037600","0,037105","0,037615","0,037105","10,90B","1,27%"
"08.02.2019","0,037130","0,036850","0,037310","0,036760","12,17B","0,32%"
"07.02.2019","0,037010","0,037570","0,037570","0,036950","14,76B","-1,60%"
"06.02.2019","0,037610","0,038210","0,038210","0,037610","15,81B","-1,57%"
"05.02.2019","0,038210","0,038445","0,038500","0,038085","12,48B","-0,35%"
"04.02.2019","0,038345","0,037970","0,038420","0,037950","14,99B","1,13%"
"01.02.2019","0,037915","0,037610","0,038040","0,037555","16,37B","0,38%"
"31.01.2019","0,037770","0,037650","0,037895","0,037425","13,94B","0,77%"
"30.01.2019","0,037480","0,037385","0,037500","0,037200","9,94B","0,16%"
"29.01.2019","0,037420","0,036940","0,037470","0,036710","13,45B","1,30%"
"28.01.2019","0,036940","0,037015","0,037425","0,036715","17,77B","-0,05%"
"25.01.2019","0,036960","0,037020","0,037175","0,036640","16,79B","0,09%"
"24.01.2019","0,036925","0,037600","0,037980","0,036740","38,19B","-1,63%"
"23.01.2019","0,037535","0,037140","0,037685","0,037020","23,64B","1,17%"
"22.01.2019","0,037100","0,036850","0,037320","0,036605","21,93B","0,57%"
"21.01.2019","0,036890","0,037180","0,037630","0,036805","23,36B","-0,57%"
"18.01.2019","0,037100","0,035805","0,037100","0,035805","34,60B","3,91%"
"17.01.2019","0,035705","0,035680","0,035780","0,035555","8,71B","0,15%"
"16.01.2019","0,035650","0,035600","0,035730","0,035370","8,74B","0,52%"
"15.01.2019","0,035465","0,035335","0,035800","0,035315","13,76B","0,47%"
"14.01.2019","0,035300","0,035000","0,035335","0,034805","9,28B","0,33%"
"11.01.2019","0,035185","0,035120","0,035435","0,034960","15,02B","0,40%"
"10.01.2019","0,035045","0,035000","0,035060","0,034650","12,87B","0,13%"
"09.01.2019","0,035000","0,035000","0,035140","0,034845","12,27B","0,46%"
"08.01.2019","0,034840","0,034700","0,034995","0,034470","11,02B","0,64%"
"04.01.2019","0,034620","0,034240","0,034620","0,034220","8,61B","1,20%"
"03.01.2019","0,034210","0,033905","0,034360","0,033660","9,01B","1,06%"
"29.12.2018","0,033850","0,034095","0,034145","0,033850","5,89B","-0,18%"
"28.12.2018","0,033910","0,034195","0,034430","0,033770","20,35B","-0,41%"
"27.12.2018","0,034050","0,034850","0,034905","0,034050","20,65B","-1,18%"
"26.12.2018","0,034455","0,034395","0,034695","0,034005","17,85B","0,82%"
"25.12.2018","0,034175","0,034480","0,034500","0,033050","26,77B","-1,57%"
"24.12.2018","0,034720","0,035415","0,035640","0,034620","22,14B","-1,49%"
"21.12.2018","0,035245","0,035800","0,036090","0,035245","18,02B","-1,74%"
"20.12.2018","0,035870","0,036215","0,036225","0,035700","23,27B","-1,18%"
"19.12.2018","0,036300","0,035900","0,036540","0,035700","12,81B","0,28%"
"18.12.2018","0,036200","0,036100","0,036250","0,035640","16,84B","-0,39%"
"17.12.2018","0,036340","0,035900","0,036950","0,035885","20,14B","0,96%"
"14.12.2018","0,035995","0,035960","0,036070","0,035555","12,12B","-0,24%"
"13.12.2018","0,036080","0,036240","0,036280","0,035910","7,91B","-0,47%"
"12.12.2018","0,036250","0,036145","0,036250","0,035835","12,16B","0,68%"
"11.12.2018","0,036005","0,036325","0,036355","0,035940","10,81B","-0,26%"
"10.12.2018","0,036100","0,036390","0,036690","0,036100","11,30B","-1,24%"
"07.12.2018","0,036555","0,036785","0,037040","0,036475","17,04B","-0,42%"
"06.12.2018","0,036710","0,036725","0,036840","0,036250","12,58B","-0,77%"
"05.12.2018","0,036995","0,036755","0,037060","0,036520","16,88B","0,01%"
"04.12.2018","0,036990","0,037580","0,037790","0,036955","18,73B","-1,62%"
"03.12.2018","0,037600","0,037505","0,038170","0,037500","13,35B","0,80%"
"30.11.2018","0,037300","0,037760","0,037845","0,037105","12,37B","-1,92%"
"29.11.2018","0,038030","0,037600","0,038335","0,037500","21,87B","1,20%"
"28.11.2018","0,037580","0,036960","0,037685","0,036815","15,89B","2,04%"
"27.11.2018","0,036830","0,036700","0,037200","0,036505","12,32B","0,37%"
"26.11.2018","0,036695","0,037020","0,037165","0,035550","31,05B","-0,98%"
"23.11.2018","0,037060","0,037210","0,037370","0,036715","12,36B","-0,64%"
"22.11.2018","0,037300","0,037420","0,037770","0,037210","13,81B","0,21%"
"21.11.2018","0,037220","0,037215","0,037680","0,036865","23,35B","-0,56%"
"20.11.2018","0,037430","0,038720","0,038720","0,037345","20,51B","-3,53%"
"19.11.2018","0,038800","0,039160","0,039500","0,038500","12,63B","-0,92%"
"16.11.2018","0,039160","0,039520","0,039560","0,038875","19,74B","-0,31%"
"15.11.2018","0,039280","0,038385","0,039400","0,038165","32,88B","2,96%"
"14.11.2018","0,038150","0,038300","0,038570","0,037800","17,60B","-0,75%"
"13.11.2018","0,038440","0,038005","0,039150","0,037735","32,42B","0,68%"
"12.11.2018","0,038180","0,037700","0,038500","0,037700","19,76B","1,62%"
"09.11.2018","0,037570","0,037875","0,038080","0,037100","20,90B","-1,21%"
"08.11.2018","0,038030","0,038300","0,038740","0,037795","36,03B","-0,42%"
"07.11.2018","0,038190","0,036000","0,038190","0,035730","58,17B","5,64%"
"06.11.2018","0,036150","0,036200","0,036620","0,036140","15,91B","0,06%"
"02.11.2018","0,036130","0,036225","0,036350","0,036040","11,46B","-0,19%"
"01.11.2018","0,036200","0,036690","0,036690","0,035850","17,99B","-1,04%"
"31.10.2018","0,036580","0,036760","0,037050","0,036580","14,31B","-0,05%"
"30.10.2018","0,036600","0,036290","0,036670","0,036010","11,72B","0,55%"
"29.10.2018","0,036400","0,035630","0,036700","0,035630","12,81B","1,85%"
"26.10.2018","0,035740","0,036110","0,036220","0,035620","14,46B","-1,68%"
"25.10.2018","0,036350","0,036280","0,036520","0,036030","11,19B","-1,36%"
"24.10.2018","0,036850","0,036300","0,037140","0,035850","28,78B","1,80%"
"23.10.2018","0,036200","0,035940","0,036380","0,035200","24,88B","0,17%"
"22.10.2018","0,036140","0,036890","0,037030","0,035860","26,96B","-2,03%"
"19.10.2018","0,036890","0,037980","0,037980","0,036850","19,69B","-2,74%"
"18.10.2018","0,037930","0,038380","0,038500","0,037740","11,82B","-1,38%"
"17.10.2018","0,038460","0,038670","0,038870","0,038010","19,70B","0,16%"
"16.10.2018","0,038400","0,038460","0,038950","0,037610","25,94B","-0,23%"
"15.10.2018","0,038490","0,038170","0,038800","0,037900","16,11B","1,42%"
"12.10.2018","0,037950","0,038000","0,038400","0,037370","21,09B","0,66%"
"11.10.2018","0,037700","0,037390","0,037860","0,036580","45,17B","-1,13%"
"10.10.2018","0,038130","0,038550","0,038660","0,037760","20,58B","-0,70%"
"09.10.2018","0,038400","0,039300","0,039660","0,038400","22,34B","-2,07%"
"08.10.2018","0,039210","0,039610","0,039800","0,038820","15,06B","-0,93%"
"05.10.2018","0,039580","0,039880","0,040000","0,039340","13,78B","-0,80%"
"04.10.2018","0,039900","0,040690","0,040990","0,039630","21,45B","-1,99%"
"03.10.2018","0,040710","0,040370","0,040950","0,040180","16,61B","0,84%"
"02.10.2018","0,040370","0,040600","0,040670","0,040120","9,89B","0,15%"
"01.10.2018","0,040310","0,040920","0,041010","0,040140","13,11B","-1,10%"
"28.09.2018","0,040760","0,041600","0,041600","0,040470","22,66B","-1,31%"
"27.09.2018","0,041300","0,041180","0,041690","0,040450","24,98B","0,29%"
"26.09.2018","0,041180","0,041700","0,041730","0,041000","17,69B","-1,01%"
"25.09.2018","0,041600","0,042040","0,042250","0,041500","10,35B","-0,74%"
"24.09.2018","0,041910","0,041900","0,042450","0,041560","22,78B","-0,69%"
"21.09.2018","0,042200","0,041250","0,042200","0,040810","17,94B","2,65%"
"20.09.2018","0,041110","0,041380","0,042000","0,040900","35,10B","-0,41%"
"19.09.2018","0,041280","0,041350","0,041800","0,041070","19,62B","0,24%"
"18.09.2018","0,041180","0,039910","0,041200","0,039910","17,42B","2,85%"
"17.09.2018","0,040040","0,040050","0,040430","0,039810","13,07B","-0,02%"
"14.09.2018","0,040050","0,040500","0,040980","0,039660","25,90B","-1,06%"
"13.09.2018","0,040480","0,039700","0,041680","0,039610","37,63B","2,22%"
"12.09.2018","0,039600","0,039200","0,039800","0,039030","17,56B","1,54%"
"11.09.2018","0,039000","0,038620","0,039100","0,038340","20,54B","1,04%"
"10.09.2018","0,038600","0,039350","0,039480","0,038420","22,29B","-1,86%"
"07.09.2018","0,039330","0,039600","0,039950","0,039030","16,38B","-0,43%"
"06.09.2018","0,039500","0,040060","0,040350","0,039430","19,86B","-1,30%"
"05.09.2018","0,040020","0,040920","0,041110","0,040020","13,85B","-2,20%"
"04.09.2018","0,040920","0,041400","0,041730","0,040860","10,08B","-0,90%"
"03.09.2018","0,041290","0,041300","0,041510","0,041050","6,72B","-0,27%"
"31.08.2018","0,041400","0,041110","0,041550","0,040850","14,24B","0,44%"
"30.08.2018","0,041220","0,042000","0,042170","0,041100","12,49B","-1,83%"
"29.08.2018","0,041990","0,041600","0,041990","0,041070","12,20B","1,11%"
"28.08.2018","0,041530","0,042300","0,042300","0,041500","10,25B","-1,47%"
"27.08.2018","0,042150","0,041290","0,042150","0,041240","13,83B","2,75%"
"24.08.2018","0,041020","0,041300","0,041520","0,040180","32,43B","-0,89%"
"23.08.2018","0,041390","0,042900","0,043000","0,041070","33,32B","-3,74%"
"22.08.2018","0,043000","0,044010","0,044200","0,042790","23,20B","-2,60%"
"21.08.2018","0,044150","0,044200","0,044400","0,043710","7,95B","0,00%"
"20.08.2018","0,044150","0,043810","0,044290","0,043810","6,26B","1,01%"
"17.08.2018","0,043710","0,043750","0,043890","0,043300","8,42B","-0,39%"
"16.08.2018","0,043880","0,043600","0,043880","0,043480","7,84B","1,11%"
"15.08.2018","0,043400","0,043410","0,043890","0,043150","12,13B","-0,55%"
"14.08.2018","0,043640","0,043230","0,043700","0,042670","15,10B","1,61%"
"13.08.2018","0,042950","0,042600","0,043780","0,042510","21,96B","-0,97%"
"10.08.2018","0,043370","0,045090","0,045130","0,042840","29,17B","-3,86%"
"09.08.2018","0,045110","0,045370","0,045370","0,042210","62,91B","-1,27%"
"08.08.2018","0,045690","0,046650","0,046820","0,045300","30,15B","-2,37%"
"07.08.2018","0,046800","0,046900","0,047350","0,046560","8,09B","-0,02%"
"06.08.2018","0,046810","0,047410","0,047630","0,046790","10,79B","-1,14%"
"03.08.2018","0,047350","0,047680","0,047700","0,046940","10,19B","-0,48%"
"02.08.2018","0,047580","0,048280","0,048460","0,047450","9,25B","-1,45%"
"01.08.2018","0,048280","0,048150","0,048860","0,048070","13,56B","0,00%"
"31.07.2018","0,048280","0,047620","0,048280","0,047620","9,31B","0,65%"
"30.07.2018","0,047970","0,047780","0,048070","0,047530","7,34B","0,31%"
"27.07.2018","0,047820","0,047700","0,047950","0,047410","6,89B","0,50%"
"26.07.2018","0,047580","0,048050","0,048230","0,047530","8,15B","-0,77%"
"25.07.2018","0,047950","0,047700","0,047990","0,047160","15,57B","-0,56%"
"24.07.2018","0,048220","0,048470","0,048470","0,047910","10,63B","-0,04%"
"23.07.2018","0,048240","0,048180","0,048980","0,048180","7,44B","-0,02%"
"20.07.2018","0,048250","0,047940","0,048690","0,047370","15,24B","0,86%"
"19.07.2018","0,047840","0,048630","0,048780","0,047450","19,69B","-1,42%"
"18.07.2018","0,048530","0,048710","0,049030","0,048480","8,78B","-0,39%"
"17.07.2018","0,048720","0,049370","0,049450","0,048600","12,85B","-1,38%"
"16.07.2018","0,049400","0,049750","0,049980","0,049360","20,50B","-0,70%"
"13.07.2018","0,049750","0,048470","0,049750","0,048280","26,85B","2,98%"
"12.07.2018","0,048310","0,048510","0,048840","0,047880","12,58B","-0,60%"
"11.07.2018","0,048600","0,048720","0,048840","0,048380","13,91B","-0,88%"
"10.07.2018","0,049030","0,049430","0,049470","0,048840","12,06B","-0,73%"
"09.07.2018","0,049390","0,048800","0,049390","0,048730","14,71B","1,84%"
"06.07.2018","0,048500","0,048660","0,049200","0,048400","14,76B","-0,33%"
"05.07.2018","0,048660","0,048400","0,048730","0,048320","12,52B","0,21%"
"04.07.2018","0,048560","0,048580","0,048800","0,048260","11,94B","0,37%"
"03.07.2018","0,048380","0,048340","0,048720","0,048190","13,17B","0,10%"
"02.07.2018","0,048330","0,047920","0,048440","0,047410","24,94B","0,67%"
"29.06.2018","0,048010","0,048000","0,048890","0,048000","20,97B","0,38%"
"28.06.2018","0,047830","0,047400","0,048670","0,047350","29,93B","1,01%"
"27.06.2018","0,047350","0,047040","0,047590","0,046750","21,37B","0,96%"
"26.06.2018","0,046900","0,046860","0,047180","0,046710","13,43B","0,43%"
"25.06.2018","0,046700","0,046930","0,047270","0,046560","17,53B","0,21%"
"22.06.2018","0,046600","0,047290","0,047530","0,046490","19,80B","-0,77%"
"21.06.2018","0,046960","0,047200","0,047780","0,046710","28,29B","-0,51%"
"20.06.2018","0,047200","0,045540","0,047200","0,045540","32,13B","4,45%"
"19.06.2018","0,045190","0,046000","0,046080","0,045190","27,63B","-2,00%"
"18.06.2018","0,046110","0,044510","0,046320","0,044440","38,50B","3,59%"
"15.06.2018","0,044510","0,044810","0,045050","0,044510","23,64B","-0,31%"
"14.06.2018","0,044650","0,044750","0,045200","0,044570","17,25B","-0,22%"
"13.06.2018","0,044750","0,044850","0,045270","0,044630","25,76B","-0,86%"
"11.06.2018","0,045140","0,045540","0,045660","0,044500","19,11B","-0,83%"
"09.06.2018","0,045520","0,045320","0,045610","0,045320","3,88B","0,46%"
"08.06.2018","0,045310","0,046700","0,046730","0,045300","41,03B","-3,20%"
"07.06.2018","0,046810","0,047450","0,047450","0,046810","18,66B","-0,93%"
"06.06.2018","0,047250","0,047400","0,047690","0,047050","16,50B","-0,40%"
"05.06.2018","0,047440","0,047160","0,047600","0,047010","19,22B","0,87%"
"04.06.2018","0,047030","0,047640","0,047880","0,046840","30,49B","-0,78%"
"01.06.2018","0,047400","0,047490","0,048230","0,047400","78,74B","-4,99%"
"31.05.2018","0,049890","0,051450","0,051620","0,049890","127,56B","-2,82%"
"30.05.2018","0,051340","0,051300","0,051650","0,051140","31,45B","0,12%"
"29.05.2018","0,051280","0,051320","0,051500","0,050960","18,25B","-0,33%"
"28.05.2018","0,051450","0,051140","0,051500","0,051080","8,74B","0,76%"
"25.05.2018","0,051060","0,051300","0,051490","0,050770","16,27B","-0,29%"
"24.05.2018","0,051210","0,051300","0,051590","0,051160","15,18B","0,12%"
"23.05.2018","0,051150","0,051300","0,051660","0,051150","14,34B","-0,47%"
"22.05.2018","0,051390","0,051660","0,051660","0,051320","11,02B","-0,33%"
"21.05.2018","0,051560","0,051310","0,051890","0,051280","17,45B","0,70%"
"18.05.2018","0,051200","0,051470","0,051590","0,051000","21,62B","-0,04%"
"17.05.2018","0,051220","0,051560","0,051950","0,051220","34,37B","-0,19%"
"16.05.2018","0,051320","0,051300","0,051640","0,051160","21,05B","-0,35%"
"15.05.2018","0,051500","0,052250","0,052370","0,051110","39,76B","-1,90%"
"14.05.2018","0,052500","0,052430","0,052730","0,052170","19,65B","0,23%"
"11.05.2018","0,052380","0,052390","0,052700","0,052040","20,57B","0,25%"
"10.05.2018","0,052250","0,053100","0,053170","0,052240","15,58B","-0,85%"
"08.05.2018","0,052700","0,052570","0,052950","0,050850","20,44B","-0,13%"
"07.05.2018","0,052770","0,053100","0,053300","0,052720","13,22B","0,04%"
"04.05.2018","0,052750","0,052970","0,053110","0,052650","8,61B","0,27%"
"03.05.2018","0,052610","0,053380","0,053660","0,052610","11,56B","-1,48%"
"02.05.2018","0,053400","0,053590","0,054140","0,053080","15,49B","-1,06%"
"30.04.2018","0,053970","0,052720","0,053970","0,052650","13,30B","2,41%"
"28.04.2018","0,052700","0,052570","0,052720","0,052350","2,65B","0,25%"
"27.04.2018","0,052570","0,052550","0,052800","0,052170","13,67B","0,32%"
"26.04.2018","0,052400","0,053000","0,053350","0,052080","19,86B","-0,89%"
"25.04.2018","0,052870","0,052750","0,052900","0,052280","14,51B","-0,25%"
"24.04.2018","0,053000","0,053000","0,053900","0,052800","26,96B","0,00%"
"23.04.2018","0,053000","0,052700","0,053000","0,052510","20,98B","0,21%"
"20.04.2018","0,052890","0,052450","0,053200","0,052100","15,86B","0,74%"
"19.04.2018","0,052500","0,053060","0,053500","0,051970","21,52B","-0,94%"
"18.04.2018","0,053000","0,052440","0,053490","0,052200","24,05B","1,59%"
"17.04.2018","0,052170","0,053490","0,053540","0,051940","34,79B","0,73%"
"16.04.2018","0,051790","0,050010","0,052190","0,050000","28,26B","1,81%"
"13.04.2018","0,050870","0,050980","0,051500","0,050120","27,03B","-0,12%"
"12.04.2018","0,050930","0,050920","0,051480","0,050510","21,00B","0,91%"
"11.04.2018","0,050470","0,050910","0,051590","0,049410","43,22B","-0,86%"
"10.04.2018","0,050910","0,050000","0,051790","0,049220","83,44B","1,01%"
"09.04.2018","0,050400","0,055200","0,055250","0,048500","117,72B","-9,03%"
"06.04.2018","0,055400","0,053600","0,055550","0,053590","84,01B","2,69%"
"05.04.2018","0,053950","0,052690","0,053950","0,052530","67,70B","3,02%"
"04.04.2018","0,052370","0,052640","0,052640","0,052100","19,38B","0,13%"
"03.04.2018","0,052300","0,051120","0,053100","0,050770","42,47B","2,27%"
"02.04.2018","0,051140","0,051600","0,051940","0,051140","12,53B","-1,01%"
"30.03.2018","0,051660","0,051500","0,051660","0,051220","4,19B","1,00%"
"29.03.2018","0,051150","0,051110","0,052100","0,051110","20,71B","0,29%"
"28.03.2018","0,051000","0,051340","0,051580","0,050550","16,81B","-1,54%"
"27.03.2018","0,051800","0,051370","0,052190","0,051050","21,47B","1,59%"
"26.03.2018","0,050990","0,053240","0,053240","0,050990","33,12B","-4,30%"
"23.03.2018","0,053280","0,053400","0,053580","0,052900","17,42B","-1,33%"
"22.03.2018","0,054000","0,054280","0,054280","0,053310","27,65B","0,00%"
"21.03.2018","0,054000","0,054050","0,054500","0,053170","30,66B","0,19%"
"20.03.2018","0,053900","0,053580","0,053960","0,052660","19,29B","0,94%"
"19.03.2018","0,053400","0,053900","0,054140","0,053400","12,66B","-0,15%"
"16.03.2018","0,053480","0,053800","0,054190","0,053350","37,58B","-0,67%"
"15.03.2018","0,053840","0,053660","0,054230","0,053190","33,46B","0,56%"
"14.03.2018","0,053540","0,055540","0,055980","0,053500","30,21B","-4,05%"
"13.03.2018","0,055800","0,055770","0,056280","0,054920","28,69B","0,16%"
"12.03.2018","0,055710","0,057010","0,057640","0,055700","32,59B","-1,01%"
"09.03.2018","0,056280","0,054540","0,056590","0,054330","34,73B","2,89%"
"07.03.2018","0,054700","0,052750","0,054780","0,052640","37,89B","3,21%"
"06.03.2018","0,053000","0,052650","0,053690","0,052530","21,94B","1,03%"
"05.03.2018","0,052460","0,052700","0,053420","0,052020","19,98B","0,10%"
"02.03.2018","0,052410","0,052760","0,053990","0,052100","24,08B","-0,17%"
"01.03.2018","0,052500","0,052610","0,053170","0,052300","25,08B","-0,49%"
"28.02.2018","0,052760","0,053610","0,054050","0,052610","55,94B","-1,93%"
"27.02.2018","0,053800","0,054720","0,054890","0,053350","43,13B","-1,52%"
"26.02.2018","0,054630","0,052970","0,055830","0,052550","103,50B","5,57%"
"22.02.2018","0,051750","0,048560","0,052950","0,048560","71,28B","5,83%"
"21.02.2018","0,048900","0,047650","0,049170","0,047610","35,54B","2,43%"
"20.02.2018","0,047740","0,047460","0,047950","0,047360","7,62B","0,61%"
"19.02.2018","0,047450","0,047550","0,047780","0,047230","6,34B","-0,52%"
"16.02.2018","0,047700","0,047370","0,047800","0,047360","10,44B","0,74%"
"15.02.2018","0,047350","0,048000","0,048000","0,047320","20,53B","-0,73%"
"14.02.2018","0,047700","0,047710","0,048270","0,047210","17,79B","0,06%"
"13.02.2018","0,047670","0,047190","0,047750","0,047050","12,21B","1,17%"
"12.02.2018","0,047120","0,047540","0,047790","0,046950","17,21B","0,11%"
"09.02.2018","0,047070","0,047000","0,047490","0,046600","28,40B","-0,93%"
"08.02.2018","0,047510","0,047630","0,048840","0,047230","31,97B","-0,21%"
"07.02.2018","0,047610","0,047570","0,047950","0,047220","14,33B","1,25%"
"06.02.2018","0,047020","0,048400","0,048820","0,046800","47,78B","-4,20%"
"05.02.2018","0,049080","0,048830","0,049250","0,048530","13,54B","-0,24%"
"02.02.2018","0,049200","0,049400","0,049670","0,048750","17,54B","-0,36%"
"01.02.2018","0,049380","0,049340","0,050090","0,049050","23,64B","-0,04%"
"31.01.2018","0,049400","0,048950","0,049400","0,048650","9,23B","1,23%"
"30.01.2018","0,048800","0,048910","0,049500","0,048640","10,96B","-0,41%"
"29.01.2018","0,049000","0,049190","0,049590","0,048740","11,78B","-0,71%"
"26.01.2018","0,049350","0,049810","0,049860","0,048710","16,64B","-1,10%"
"25.01.2018","0,049900","0,049100","0,050450","0,049010","29,44B","1,80%"
"24.01.2018","0,049020","0,049620","0,049670","0,048880","14,55B","-1,53%"
"23.01.2018","0,049780","0,050150","0,050250","0,049110","14,44B","-0,72%"
"22.01.2018","0,050140","0,049780","0,050250","0,049610","12,00B","0,99%"
"19.01.2018","0,049650","0,050890","0,050930","0,049100","19,54B","-1,88%"
"18.01.2018","0,050600","0,051350","0,051750","0,050450","22,57B","-1,54%"
"17.01.2018","0,051390","0,050610","0,051700","0,050280","23,19B","0,96%"
"16.01.2018","0,050900","0,051000","0,051030","0,050260","15,30B","0,18%"
"15.01.2018","0,050810","0,051220","0,051790","0,050810","12,95B","-0,29%"
"12.01.2018","0,050960","0,050600","0,051050","0,050080","16,35B","0,91%"
"11.01.2018","0,050500","0,050500","0,050700","0,049710","22,53B","-0,02%"
"10.01.2018","0,050510","0,051000","0,051300","0,050400","23,71B","-0,57%"
"09.01.2018","0,050800","0,050390","0,051870","0,050320","32,08B","1,20%"
"05.01.2018","0,050200","0,050280","0,050280","0,049510","9,40B","0,30%"
"04.01.2018","0,050050","0,049500","0,050270","0,049110","18,11B","1,11%"
"03.01.2018","0,049500","0,047330","0,049500","0,047220","17,35B","4,61%"